{
	"credit": "Designed by MasterianoX",
	"texture_size": [18, 18],
	"loader": "placeableitems:rotation",
	"textures": {
		"0": "placeableitems:block/sword/wooden_sword",
		"particle": "placeableitems:block/sword/wooden_sword"
	},
	"elements": [
		{
			"from": [7.5, -1.75, 14.5],
			"to": [8.5, -0.75, 15.5],
			"rotation": {"angle": 22.5, "axis": "x", "origin": [8, 18.25, 16]},
			"faces": {
				"north": {"uv": [0.88889, 0.88889, 1.77778, 1.77778], "rotation": 180, "texture": "#0"},
				"east": {"uv": [1.77778, 0.88889, 2.66667, 1.77778], "rotation": 180, "texture": "#0"},
				"south": {"uv": [2.66667, 0.88889, 3.55556, 1.77778], "rotation": 180, "texture": "#0"},
				"west": {"uv": [0, 0.88889, 0.88889, 1.77778], "rotation": 180, "texture": "#0"},
				"up": {"uv": [2.66667, 0, 1.77778, 0.88889], "rotation": 180, "texture": "#0"},
				"down": {"uv": [1.77778, 0.88889, 0.88889, 0], "rotation": 180, "texture": "#0"}
			}
		},
		{
			"from": [6.5, -0.75, 14.5],
			"to": [9.5, 12.25, 15.5],
			"rotation": {"angle": 22.5, "axis": "x", "origin": [8, 18.25, 16]},
			"faces": {
				"north": {"uv": [8, 0.88889, 10.66667, 12.44444], "rotation": 180, "texture": "#0"},
				"east": {"uv": [10.66667, 0.88889, 11.55556, 12.44444], "rotation": 180, "texture": "#0"},
				"south": {"uv": [11.55556, 0.88889, 14.22222, 12.44444], "rotation": 180, "texture": "#0"},
				"west": {"uv": [7.11111, 0.88889, 8, 12.44444], "rotation": 180, "texture": "#0"},
				"up": {"uv": [13.33333, 0, 10.66667, 0.88889], "rotation": 180, "texture": "#0"},
				"down": {"uv": [10.66667, 0.88889, 8, 0], "rotation": 180, "texture": "#0"}
			}
		},
		{
			"from": [4.5, 12.25, 14],
			"to": [11.5, 13.25, 16],
			"rotation": {"angle": 22.5, "axis": "x", "origin": [8, 18.25, 16]},
			"faces": {
				"north": {"uv": [1.77778, 14.22222, 8, 15.11111], "rotation": 180, "texture": "#0"},
				"east": {"uv": [8, 14.22222, 9.77778, 15.11111], "rotation": 180, "texture": "#0"},
				"south": {"uv": [9.77778, 14.22222, 16, 15.11111], "rotation": 180, "texture": "#0"},
				"west": {"uv": [0, 14.22222, 1.77778, 15.11111], "rotation": 180, "texture": "#0"},
				"up": {"uv": [14.22222, 12.44444, 8, 14.22222], "rotation": 180, "texture": "#0"},
				"down": {"uv": [8, 14.22222, 1.77778, 12.44444], "rotation": 180, "texture": "#0"}
			}
		},
		{
			"from": [7, 13.25, 14],
			"to": [9, 18.25, 16],
			"rotation": {"angle": 22.5, "axis": "x", "origin": [8, 18.25, 16]},
			"faces": {
				"north": {"uv": [1.77778, 3.55556, 3.55556, 8], "rotation": 180, "texture": "#0"},
				"east": {"uv": [3.55556, 3.55556, 5.33333, 8], "rotation": 180, "texture": "#0"},
				"south": {"uv": [5.33333, 3.55556, 7.11111, 8], "rotation": 180, "texture": "#0"},
				"west": {"uv": [0, 3.55556, 1.77778, 8], "rotation": 180, "texture": "#0"},
				"up": {"uv": [5.33333, 1.77778, 3.55556, 3.55556], "rotation": 180, "texture": "#0"},
				"down": {"uv": [3.55556, 3.55556, 1.77778, 1.77778], "rotation": 180, "texture": "#0"}
			}
		}
	],
	"display": {
		"thirdperson_righthand": {
			"rotation": [90, 180, 90],
			"translation": [6.75, 4.25, 2]
		}
	}
}