{
	"credit": "Designed by MasterianoX",
	"texture_size": [22, 22],
	"loader": "placeableitems:rotation",
	"textures": {
		"0": "placeableitems:block/axe/wooden_axe",
		"particle": "placeableitems:block/axe/wooden_axe"
	},
	"elements": [
		{
			"from": [7, -0.5, 14],
			"to": [9, 14.5, 16],
			"rotation": {"angle": 22.5, "axis": "x", "origin": [8, 14.5, 16]},
			"faces": {
				"north": {"uv": [1.45455, 1.45455, 2.90909, 12.36364], "rotation": 180, "texture": "#0"},
				"east": {"uv": [2.90909, 1.45455, 4.36364, 12.36364], "rotation": 180, "texture": "#0"},
				"south": {"uv": [4.36364, 1.45455, 5.81818, 12.36364], "rotation": 180, "texture": "#0"},
				"west": {"uv": [0, 1.45455, 1.45455, 12.36364], "rotation": 180, "texture": "#0"},
				"up": {"uv": [4.36364, 0, 2.90909, 1.45455], "rotation": 180, "texture": "#0"},
				"down": {"uv": [2.90909, 1.45455, 1.45455, 0], "rotation": 180, "texture": "#0"}
			}
		},
		{
			"from": [2, -1.5, 14.5],
			"to": [7, 4.5, 15.5],
			"rotation": {"angle": 22.5, "axis": "x", "origin": [8, 14.5, 16]},
			"faces": {
				"north": {"uv": [6.54545, 0.72727, 10.18182, 5.09091], "rotation": 180, "texture": "#0"},
				"east": {"uv": [10.18182, 0.72727, 10.90909, 5.09091], "rotation": 180, "texture": "#0"},
				"south": {"uv": [10.90909, 0.72727, 14.54545, 5.09091], "rotation": 180, "texture": "#0"},
				"west": {"uv": [5.81818, 0.72727, 6.54545, 5.09091], "rotation": 180, "texture": "#0"},
				"up": {"uv": [13.81818, 0, 10.18182, 0.72727], "rotation": 180, "texture": "#0"},
				"down": {"uv": [10.18182, 0.72727, 6.54545, 0], "rotation": 180, "texture": "#0"}
			}
		},
		{
			"from": [9, -0.5, 14.5],
			"to": [11, 3.5, 15.5],
			"rotation": {"angle": 22.5, "axis": "x", "origin": [8, 14.5, 16]},
			"faces": {
				"north": {"uv": [6.54545, 5.81818, 8, 8.72727], "rotation": 180, "texture": "#0"},
				"east": {"uv": [8, 5.81818, 8.72727, 8.72727], "rotation": 180, "texture": "#0"},
				"south": {"uv": [8.72727, 5.81818, 10.18182, 8.72727], "rotation": 180, "texture": "#0"},
				"west": {"uv": [5.81818, 5.81818, 6.54545, 8.72727], "rotation": 180, "texture": "#0"},
				"up": {"uv": [9.45455, 5.09091, 8, 5.81818], "rotation": 180, "texture": "#0"},
				"down": {"uv": [8, 5.81818, 6.54545, 5.09091], "rotation": 180, "texture": "#0"}
			}
		}
	],
	"display": {
		"thirdperson_righthand": {
			"rotation": [0, 90, 0],
			"translation": [0, 3, 2]
		}
	}
}